{"RuleTriggered": 0, "Violations": 321, "Details": {"low_gpu_utilization": 1075, "bottlenecks": {"1677172997.000572": {"GPUs": 1, "CPUs": 1}, "1677172997.506032": {"GPUs": 1, "CPUs": 1}, "1677172998.500549": {"GPUs": 1, "CPUs": 2}, "1677172999.000533": {"GPUs": 1, "CPUs": 1}, "1677172999.500548": {"GPUs": 1, "CPUs": 1}, "1677173000.000487": {"GPUs": 1, "CPUs": 1}, "1677173001.000545": {"GPUs": 1, "CPUs": 1}, "1677173001.500572": {"GPUs": 1, "CPUs": 1}, "1677173002.500548": {"GPUs": 1, "CPUs": 1}, "1677173003.000575": {"GPUs": 1, "CPUs": 1}, "1677173003.501759": {"GPUs": 1, "CPUs": 1}, "1677173004.005997": {"GPUs": 1, "CPUs": 3}, "1677173004.501228": {"GPUs": 1, "CPUs": 3}, "1677173005.000572": {"GPUs": 1, "CPUs": 4}, "1677173005.500733": {"GPUs": 1, "CPUs": 1}, "1677173006.000633": {"GPUs": 1, "CPUs": 1}, "1677173006.500554": {"GPUs": 1, "CPUs": 2}, "1677173007.001796": {"GPUs": 1, "CPUs": 1}, "1677173007.50056": {"GPUs": 1, "CPUs": 4}, "1677173008.000973": {"GPUs": 1, "CPUs": 4}, "1677173008.509974": {"GPUs": 1, "CPUs": 4}, "1677173009.000547": {"GPUs": 1, "CPUs": 3}, "1677173009.500577": {"GPUs": 1, "CPUs": 2}, "1677173010.000586": {"GPUs": 1, "CPUs": 3}, "1677173010.50077": {"GPUs": 1, "CPUs": 2}, "1677173011.000551": {"GPUs": 1, "CPUs": 2}, "1677173011.501054": {"GPUs": 1, "CPUs": 2}, "1677173012.00103": {"GPUs": 1, "CPUs": 4}, "1677173012.501485": {"GPUs": 1, "CPUs": 4}, "1677173013.002031": {"GPUs": 1, "CPUs": 4}, "1677173013.501975": {"GPUs": 1, "CPUs": 4}, "1677173014.000543": {"GPUs": 1, "CPUs": 3}, "1677173014.501981": {"GPUs": 1, "CPUs": 1}, "1677173015.001978": {"GPUs": 1, "CPUs": 4}, "1677173015.50171": {"GPUs": 1, "CPUs": 1}, "1677173016.000564": {"GPUs": 1, "CPUs": 3}, "1677173017.001988": {"GPUs": 1, "CPUs": 1}, "1677173017.500622": {"GPUs": 1, "CPUs": 3}, "1677173018.000563": {"GPUs": 1, "CPUs": 4}, "1677173018.500823": {"GPUs": 1, "CPUs": 4}, "1677173019.501018": {"GPUs": 1, "CPUs": 1}, "1677173022.000571": {"GPUs": 1, "CPUs": 2}, "1677173022.501939": {"GPUs": 1, "CPUs": 2}, "1677173023.500521": {"GPUs": 1, "CPUs": 1}, "1677173024.500545": {"GPUs": 1, "CPUs": 1}, "1677173027.005942": {"GPUs": 1, "CPUs": 1}, "1677173027.501991": {"GPUs": 1, "CPUs": 2}, "1677173028.001995": {"GPUs": 1, "CPUs": 1}, "1677173028.500573": {"GPUs": 1, "CPUs": 1}, "1677173029.000555": {"GPUs": 1, "CPUs": 1}, "1677173029.500577": {"GPUs": 1, "CPUs": 2}, "1677173033.500557": {"GPUs": 1, "CPUs": 1}, "1677173034.500608": {"GPUs": 1, "CPUs": 1}, "1677173036.500556": {"GPUs": 1, "CPUs": 1}, "1677173039.500533": {"GPUs": 1, "CPUs": 1}, "1677173042.00073": {"GPUs": 1, "CPUs": 1}, "1677173042.500591": {"GPUs": 1, "CPUs": 2}, "1677173043.000576": {"GPUs": 1, "CPUs": 4}, "1677173045.000572": {"GPUs": 1, "CPUs": 1}, "1677173046.501171": {"GPUs": 1, "CPUs": 1}, "1677173047.000587": {"GPUs": 1, "CPUs": 1}, "1677173047.500887": {"GPUs": 1, "CPUs": 1}, "1677173050.000605": {"GPUs": 1, "CPUs": 1}, "1677173163.00113": {"GPUs": 1, "CPUs": 2}, "1677173171.000536": {"GPUs": 1, "CPUs": 1}, "1677173172.000546": {"GPUs": 1, "CPUs": 1}, "1677173177.00061": {"GPUs": 1, "CPUs": 1}, "1677173179.000552": {"GPUs": 1, "CPUs": 1}, "1677173180.500491": {"GPUs": 1, "CPUs": 1}, "1677173181.000556": {"GPUs": 1, "CPUs": 1}, "1677173185.500537": {"GPUs": 1, "CPUs": 1}, "1677173198.001863": {"GPUs": 1, "CPUs": 1}, "1677173203.000566": {"GPUs": 1, "CPUs": 1}, "1677173204.000553": {"GPUs": 1, "CPUs": 1}, "1677173206.000562": {"GPUs": 1, "CPUs": 1}, "1677173208.500535": {"GPUs": 1, "CPUs": 2}, "1677173209.000532": {"GPUs": 1, "CPUs": 1}, "1677173209.500559": {"GPUs": 1, "CPUs": 2}, "1677173210.000574": {"GPUs": 1, "CPUs": 1}, "1677173210.500565": {"GPUs": 1, "CPUs": 1}, "1677173211.000533": {"GPUs": 1, "CPUs": 1}, "1677173211.501113": {"GPUs": 1, "CPUs": 1}, "1677173212.000556": {"GPUs": 1, "CPUs": 1}, "1677173212.500538": {"GPUs": 1, "CPUs": 2}, "1677173213.000536": {"GPUs": 1, "CPUs": 1}, "1677173213.500651": {"GPUs": 1, "CPUs": 1}, "1677173214.000561": {"GPUs": 1, "CPUs": 1}, "1677173214.50051": {"GPUs": 1, "CPUs": 1}, "1677173215.000548": {"GPUs": 1, "CPUs": 1}, "1677173215.501008": {"GPUs": 1, "CPUs": 1}, "1677173216.000552": {"GPUs": 1, "CPUs": 1}, "1677173216.500543": {"GPUs": 1, "CPUs": 1}, "1677173217.000523": {"GPUs": 1, "CPUs": 1}, "1677173217.501427": {"GPUs": 1, "CPUs": 1}, "1677173218.000531": {"GPUs": 1, "CPUs": 1}, "1677173218.50054": {"GPUs": 1, "CPUs": 1}, "1677173219.00055": {"GPUs": 1, "CPUs": 1}, "1677173219.50052": {"GPUs": 1, "CPUs": 2}, "1677173220.001156": {"GPUs": 1, "CPUs": 2}, "1677173220.50053": {"GPUs": 1, "CPUs": 1}, "1677173222.500587": {"GPUs": 1, "CPUs": 2}, "1677173224.000573": {"GPUs": 1, "CPUs": 1}, "1677173249.000566": {"GPUs": 1, "CPUs": 1}, "1677173253.500618": {"GPUs": 1, "CPUs": 1}, "1677173254.000525": {"GPUs": 1, "CPUs": 1}, "1677173255.000556": {"GPUs": 1, "CPUs": 1}, "1677173256.000546": {"GPUs": 1, "CPUs": 1}, "1677173282.000542": {"GPUs": 1, "CPUs": 1}, "1677173283.500517": {"GPUs": 1, "CPUs": 1}, "1677173292.000555": {"GPUs": 1, "CPUs": 1}, "1677173292.50052": {"GPUs": 1, "CPUs": 1}, "1677173303.000553": {"GPUs": 1, "CPUs": 1}, "1677173303.500546": {"GPUs": 1, "CPUs": 1}, "1677173304.000516": {"GPUs": 1, "CPUs": 1}, "1677173304.500545": {"GPUs": 1, "CPUs": 1}, "1677173327.500628": {"GPUs": 1, "CPUs": 1}, "1677173329.00053": {"GPUs": 1, "CPUs": 1}, "1677173329.500538": {"GPUs": 1, "CPUs": 1}, "1677173330.000536": {"GPUs": 1, "CPUs": 1}, "1677173331.500628": {"GPUs": 1, "CPUs": 1}, "1677173332.500553": {"GPUs": 1, "CPUs": 1}, "1677173333.000533": {"GPUs": 1, "CPUs": 1}, "1677173333.500552": {"GPUs": 1, "CPUs": 1}, "1677173340.500619": {"GPUs": 1, "CPUs": 2}, "1677173341.000517": {"GPUs": 1, "CPUs": 3}, "1677173342.000935": {"GPUs": 1, "CPUs": 4}, "1677173342.500515": {"GPUs": 1, "CPUs": 4}, "1677173344.003": {"GPUs": 1, "CPUs": 4}, "1677173344.500553": {"GPUs": 1, "CPUs": 4}, "1677173345.500568": {"GPUs": 1, "CPUs": 1}, "1677173346.000601": {"GPUs": 1, "CPUs": 1}, "1677173346.500568": {"GPUs": 1, "CPUs": 2}, "1677173347.000981": {"GPUs": 1, "CPUs": 1}, "1677173347.501158": {"GPUs": 1, "CPUs": 1}, "1677173348.000566": {"GPUs": 1, "CPUs": 2}, "1677173352.500592": {"GPUs": 1, "CPUs": 1}, "1677173357.000545": {"GPUs": 1, "CPUs": 1}, "1677173358.000594": {"GPUs": 1, "CPUs": 1}, "1677173364.000587": {"GPUs": 1, "CPUs": 1}, "1677173364.500561": {"GPUs": 1, "CPUs": 1}, "1677173374.000606": {"GPUs": 1, "CPUs": 1}, "1677173374.501279": {"GPUs": 1, "CPUs": 1}, "1677173376.50054": {"GPUs": 1, "CPUs": 1}, "1677173384.000612": {"GPUs": 1, "CPUs": 1}, "1677173390.500558": {"GPUs": 1, "CPUs": 1}, "1677173395.500561": {"GPUs": 1, "CPUs": 1}, "1677173396.000558": {"GPUs": 1, "CPUs": 1}, "1677173407.000556": {"GPUs": 1, "CPUs": 1}, "1677173418.500537": {"GPUs": 1, "CPUs": 1}, "1677173421.000569": {"GPUs": 1, "CPUs": 1}, "1677173421.500547": {"GPUs": 1, "CPUs": 1}, "1677173424.000563": {"GPUs": 1, "CPUs": 1}, "1677173427.000522": {"GPUs": 1, "CPUs": 1}, "1677173432.500564": {"GPUs": 1, "CPUs": 1}, "1677173440.500469": {"GPUs": 1, "CPUs": 1}, "1677173442.500564": {"GPUs": 1, "CPUs": 1}, "1677173444.002002": {"GPUs": 1, "CPUs": 1}, "1677173450.000546": {"GPUs": 1, "CPUs": 1}, "1677173450.500566": {"GPUs": 1, "CPUs": 1}, "1677173451.500547": {"GPUs": 1, "CPUs": 2}, "1677173460.000564": {"GPUs": 1, "CPUs": 1}, "1677173462.000572": {"GPUs": 1, "CPUs": 1}, "1677173463.000523": {"GPUs": 1, "CPUs": 1}, "1677173464.00054": {"GPUs": 1, "CPUs": 1}, "1677173465.000534": {"GPUs": 1, "CPUs": 1}, "1677173465.500578": {"GPUs": 1, "CPUs": 1}, "1677173473.00054": {"GPUs": 1, "CPUs": 1}, "1677173477.00054": {"GPUs": 1, "CPUs": 1}, "1677173481.500553": {"GPUs": 1, "CPUs": 1}, "1677173482.50054": {"GPUs": 1, "CPUs": 1}, "1677173483.00052": {"GPUs": 1, "CPUs": 1}, "1677173483.500604": {"GPUs": 1, "CPUs": 1}, "1677173484.000561": {"GPUs": 1, "CPUs": 1}, "1677173484.500533": {"GPUs": 1, "CPUs": 1}, "1677173486.000561": {"GPUs": 1, "CPUs": 1}, "1677173490.000603": {"GPUs": 1, "CPUs": 1},