{"RuleTriggered": 0, "Violations": 277, "Details": {"low_gpu_utilization": 1039, "bottlenecks": {"1677224508.501642": {"GPUs": 1, "CPUs": 1}, "1677224509.00158": {"GPUs": 1, "CPUs": 2}, "1677224509.501638": {"GPUs": 1, "CPUs": 2}, "1677224510.001514": {"GPUs": 1, "CPUs": 3}, "1677224510.50166": {"GPUs": 1, "CPUs": 3}, "1677224511.001672": {"GPUs": 1, "CPUs": 2}, "1677224511.501462": {"GPUs": 1, "CPUs": 4}, "1677224512.001841": {"GPUs": 1, "CPUs": 4}, "1677224512.501568": {"GPUs": 1, "CPUs": 4}, "1677224513.002732": {"GPUs": 1, "CPUs": 4}, "1677224513.505593": {"GPUs": 1, "CPUs": 4}, "1677224514.001827": {"GPUs": 1, "CPUs": 3}, "1677224514.501693": {"GPUs": 1, "CPUs": 3}, "1677224515.005877": {"GPUs": 1, "CPUs": 4}, "1677224515.502583": {"GPUs": 1, "CPUs": 4}, "1677224516.001745": {"GPUs": 1, "CPUs": 4}, "1677224516.501497": {"GPUs": 1, "CPUs": 4}, "1677224517.001987": {"GPUs": 1, "CPUs": 3}, "1677224517.502719": {"GPUs": 1, "CPUs": 2}, "1677224518.001525": {"GPUs": 1, "CPUs": 1}, "1677224518.50154": {"GPUs": 1, "CPUs": 3}, "1677224521.00242": {"GPUs": 1, "CPUs": 1}, "1677224522.001515": {"GPUs": 1, "CPUs": 1}, "1677224522.504827": {"GPUs": 1, "CPUs": 4}, "1677224523.001507": {"GPUs": 1, "CPUs": 2}, "1677224524.503659": {"GPUs": 1, "CPUs": 3}, "1677224525.001528": {"GPUs": 1, "CPUs": 2}, "1677224525.501539": {"GPUs": 1, "CPUs": 4}, "1677224526.002472": {"GPUs": 1, "CPUs": 1}, "1677224526.501721": {"GPUs": 1, "CPUs": 1}, "1677224538.001515": {"GPUs": 1, "CPUs": 1}, "1677224542.501679": {"GPUs": 1, "CPUs": 1}, "1677224543.503766": {"GPUs": 1, "CPUs": 2}, "1677224545.501497": {"GPUs": 1, "CPUs": 1}, "1677224554.501591": {"GPUs": 1, "CPUs": 1}, "1677224555.005845": {"GPUs": 1, "CPUs": 1}, "1677224557.501484": {"GPUs": 1, "CPUs": 1}, "1677224560.001491": {"GPUs": 1, "CPUs": 1}, "1677224664.501498": {"GPUs": 1, "CPUs": 1}, "1677224679.001509": {"GPUs": 1, "CPUs": 1}, "1677224693.501495": {"GPUs": 1, "CPUs": 1}, "1677224697.501518": {"GPUs": 1, "CPUs": 1}, "1677224702.501582": {"GPUs": 1, "CPUs": 4}, "1677224704.001648": {"GPUs": 1, "CPUs": 1}, "1677224707.501516": {"GPUs": 1, "CPUs": 1}, "1677224714.501501": {"GPUs": 1, "CPUs": 1}, "1677224717.0015": {"GPUs": 1, "CPUs": 1}, "1677224718.001531": {"GPUs": 1, "CPUs": 3}, "1677224720.001497": {"GPUs": 1, "CPUs": 2}, "1677224720.501539": {"GPUs": 1, "CPUs": 2}, "1677224721.001517": {"GPUs": 1, "CPUs": 1}, "1677224722.501502": {"GPUs": 1, "CPUs": 2}, "1677224723.001485": {"GPUs": 1, "CPUs": 1}, "1677224724.00148": {"GPUs": 1, "CPUs": 1}, "1677224725.00149": {"GPUs": 1, "CPUs": 1}, "1677224727.501577": {"GPUs": 1, "CPUs": 1}, "1677224728.001522": {"GPUs": 1, "CPUs": 1}, "1677224728.501504": {"GPUs": 1, "CPUs": 1}, "1677224729.001498": {"GPUs": 1, "CPUs": 1}, "1677224729.501549": {"GPUs": 1, "CPUs": 1}, "1677224730.001489": {"GPUs": 1, "CPUs": 1}, "1677224730.501499": {"GPUs": 1, "CPUs": 1}, "1677224731.001546": {"GPUs": 1, "CPUs": 1}, "1677224731.50153": {"GPUs": 1, "CPUs": 1}, "1677224732.001575": {"GPUs": 1, "CPUs": 1}, "1677224732.501494": {"GPUs": 1, "CPUs": 1}, "1677224733.001534": {"GPUs": 1, "CPUs": 1}, "1677224733.501503": {"GPUs": 1, "CPUs": 2}, "1677224734.00144": {"GPUs": 1, "CPUs": 2}, "1677224734.50149": {"GPUs": 1, "CPUs": 1}, "1677224735.001527": {"GPUs": 1, "CPUs": 2}, "1677224735.502353": {"GPUs": 1, "CPUs": 1}, "1677224736.002225": {"GPUs": 1, "CPUs": 1}, "1677224736.501496": {"GPUs": 1, "CPUs": 1}, "1677224737.001508": {"GPUs": 1, "CPUs": 1}, "1677224762.502938": {"GPUs": 1, "CPUs": 2}, "1677224763.001499": {"GPUs": 1, "CPUs": 2}, "1677224769.501532": {"GPUs": 1, "CPUs": 1}, "1677224771.501523": {"GPUs": 1, "CPUs": 1}, "1677224772.001576": {"GPUs": 1, "CPUs": 1}, "1677224773.001529": {"GPUs": 1, "CPUs": 1}, "1677224776.501502": {"GPUs": 1, "CPUs": 1}, "1677224813.001547": {"GPUs": 1, "CPUs": 1}, "1677224813.501493": {"GPUs": 1, "CPUs": 1}, "1677224843.501498": {"GPUs": 1, "CPUs": 1}, "1677224844.501655": {"GPUs": 1, "CPUs": 1}, "1677224845.501494": {"GPUs": 1, "CPUs": 1}, "1677224846.501516": {"GPUs": 1, "CPUs": 1}, "1677224847.001495": {"GPUs": 1, "CPUs": 1}, "1677224847.501606": {"GPUs": 1, "CPUs": 1}, "1677224848.001528": {"GPUs": 1, "CPUs": 1}, "1677224848.501548": {"GPUs": 1, "CPUs": 1}, "1677224849.001533": {"GPUs": 1, "CPUs": 1}, "1677224856.001516": {"GPUs": 1, "CPUs": 1}, "1677224856.501513": {"GPUs": 1, "CPUs": 1}, "1677224857.002177": {"GPUs": 1, "CPUs": 1}, "1677224858.503248": {"GPUs": 1, "CPUs": 2}, "1677224859.013676": {"GPUs": 1, "CPUs": 4}, "1677224861.501716": {"GPUs": 1, "CPUs": 4}, "1677224862.001605": {"GPUs": 1, "CPUs": 4}, "1677224862.50162": {"GPUs": 1, "CPUs": 2}, "1677224863.001504": {"GPUs": 1, "CPUs": 2}, "1677224864.501504": {"GPUs": 1, "CPUs": 1}, "1677224871.501518": {"GPUs": 1, "CPUs": 1}, "1677224874.001583": {"GPUs": 1, "CPUs": 1}, "1677224874.50148": {"GPUs": 1, "CPUs": 1}, "1677224882.001595": {"GPUs": 1, "CPUs": 1}, "1677224883.501686": {"GPUs": 1, "CPUs": 1}, "1677224884.501574": {"GPUs": 1, "CPUs": 1}, "1677224885.001579": {"GPUs": 1, "CPUs": 1}, "1677224888.001496": {"GPUs": 1, "CPUs": 1}, "1677224889.001494": {"GPUs": 1, "CPUs": 1}, "1677224895.501607": {"GPUs": 1, "CPUs": 1}, "1677224902.001525": {"GPUs": 1, "CPUs": 1}, "1677224907.001599": {"GPUs": 1, "CPUs": 1}, "1677224907.50155": {"GPUs": 1, "CPUs": 1}, "1677224911.501585": {"GPUs": 1, "CPUs": 1}, "1677224912.501573": {"GPUs": 1, "CPUs": 1}, "1677224915.501624": {"GPUs": 1, "CPUs": 1}, "1677224928.501607": {"GPUs": 1, "CPUs": 1}, "1677224930.501512": {"GPUs": 1, "CPUs": 1}, "1677224931.001491": {"GPUs": 1, "CPUs": 1}, "1677224937.001593": {"GPUs": 1, "CPUs": 1}, "1677224938.501601": {"GPUs": 1, "CPUs": 1}, "1677224941.002031": {"GPUs": 1, "CPUs": 1}, "1677224941.501904": {"GPUs": 1, "CPUs": 1}, "1677224942.001559": {"GPUs": 1, "CPUs": 1}, "1677224943.002113": {"GPUs": 1, "CPUs": 1}, "1677224947.501482": {"GPUs": 1, "CPUs": 1}, "1677224948.001504": {"GPUs": 1, "CPUs": 1}, "1677224949.00158": {"GPUs": 1, "CPUs": 1}, "1677224950.501581": {"GPUs": 1, "CPUs": 1}, "1677224962.501626": {"GPUs": 1, "CPUs": 1}, "1677224966.501485": {"GPUs": 1, "CPUs": 1}, "1677224968.001497": {"GPUs": 1, "CPUs": 1}, "1677224980.001574": {"GPUs": 1, "CPUs": 1}, "1677224984.001499": {"GPUs": 1, "CPUs": 1}, "1677224989.001506": {"GPUs": 1, "CPUs": 1}, "1677224993.501504": {"GPUs": 1, "CPUs": 1}, "1677225002.50161": {"GPUs": 1, "CPUs": 1}, "1677225007.501607": {"GPUs": 1, "CPUs": 1}, "1677225009.501594": {"GPUs": 1, "CPUs": 1}, "1677225010.501572": {"GPUs": 1, "CPUs": 1}, "1677225013.001525": {"GPUs": 1, "CPUs": 1}, "1677225013.501482": {"GPUs": 1, "CPUs": 1}, "1677225017.001503": {"GPUs": 1, "CPUs": 1}, "1677225020.001525": {"GPUs": 1, "CPUs": 1}, "1677225024.501524": {"GPUs": 1, "CPUs": 1}, "1677225027.501558": {"GPUs": 1, "CPUs": 1}, "1677225029.001527": {"GPUs": 1, "CPUs": 1}, "1677225029.501565": {"GPUs": 1, "CPUs": 1}, "1677225030.00158": {"GPUs": 1, "CPUs": 1}, "1677225032.001519": {"GPUs": 1, "CPUs": 1}, "1677225033.001562": {"GPUs": 1, "CPUs": 2}, "1677225038.501575": {"GPUs": 1, "CPUs": 1}, "1677225039.001516": {"GPUs": 1, "CPUs": 1}, "1677225039.501503": {"GPUs": 1, "CPUs": 1}, "1677225040.501525": {"GPUs": 1, "CPUs": 1}, "1677225041.001504": {"GPUs": 1, "CPUs": 1}, "1677225041.501553": {"GPUs": 1, "CPUs": 1}, "1677225062.501521": {"GPUs": 1, "CPUs": 1}, "1677225065.501561": {"GPUs": 1, "CPUs": 1}, "1677225068.001566": {"GPUs": 1, "CPUs": 1}, "1677225078.001491": {"GPUs": 1, "CPUs": 1}, "1677225079.001518": {"GPUs": 1, "CPUs": 1}, "1677225079.501514": {"GPUs": 1, "CPUs": 1}, "1677225080.001504": {"GPUs": 1, "CPUs": 1}, "1677225086.001559": {"GPUs": 1, "CPUs": 1}, "1677225086.501498": {"GPUs": 1, "CPUs": 1}, "1677225088.502153": {"GPUs": 1, "CPUs": 1}, "1677225090.501497": {"GPUs": 1, "CPUs": 1}, "1677225097.501561": {"GPUs": 1, "CPUs": 1}, "1677225098.001608": {"GPUs": 1, "CPUs": 1}, "1677225098.501623": {"GPUs": 1, "CPUs": 1}, "1677225102.001824": {"GPUs": 1, "CPUs": 1}, "1677225103.50167": {"GPUs": 1, "CPUs": 1},