{"RuleTriggered": 0, "Violations": 0, "Details": {"pin_memory": false, "num_workers": 0, "cores": 4, "dataloaders": 1, "dataloading_time": {"p25": 0.317527, "p50": 0.3539245, "p95": 0.4893691499999999, "probs": [1, 0, 0, 0, 0, 0, 0, 0, 0, 0, 0, 0, 0, 0, 0, 0, 0, 0, 0, 0, 0, 0, 0, 0, 1, 0, 0, 0, 0, 0, 0, 0, 0, 1, 1, 0, 0, 0, 0, 0, 0, 0, 0, 0, 1, 1, 0, 0, 0, 0, 0, 1, 0, 0, 0, 0, 0, 0, 1, 0, 0, 0, 0, 0, 0, 0, 0, 0, 0, 0, 0, 1, 0, 0, 0, 0, 0, 0, 0, 0, 0, 0, 0, 0, 0, 0, 0, 0, 0, 0, 0, 0, 0, 0, 0, 0, 0, 0, 0, 1], "binedges": [0.210033, 0.21324105, 0.2164491, 0.21965715, 0.22286519999999999, 0.22607325, 0.2292813, 0.23248934999999998, 0.2356974, 0.23890545, 0.24211349999999998, 0.24532155, 0.2485296, 0.25173765, 0.2549457, 0.25815375, 0.2613618, 0.26456985, 0.2677779, 0.27098595, 0.274194, 0.27740205, 0.2806101, 0.28381815, 0.2870262, 0.29023425, 0.2934423, 0.29665035, 0.29985839999999997, 0.30306645, 0.3062745, 0.30948255, 0.3126906, 0.31589865, 0.31910669999999997, 0.32231475, 0.3255228, 0.32873085, 0.3319389, 0.33514695, 0.33835499999999996, 0.34156305, 0.3447711, 0.34797915, 0.35118720000000003, 0.35439525, 0.3576033, 0.36081135, 0.3640194, 0.36722745, 0.37043550000000003, 0.37364355, 0.3768516, 0.38005964999999997, 0.3832677, 0.38647575, 0.3896838, 0.39289185, 0.3960999, 0.39930794999999997, 0.402516, 0.40572405, 0.4089321, 0.41214015000000004, 0.4153482, 0.41855624999999996, 0.4217643, 0.42497235, 0.4281804, 0.43138845000000003, 0.4345965, 0.43780455, 0.4410126, 0.44422065, 0.4474287, 0.45063675000000003, 0.4538448, 0.45705285, 0.4602609, 0.46346895, 0.466677, 0.46988505, 0.47309310000000004, 0.47630114999999995, 0.47950919999999997, 0.48271725, 0.4859253, 0.48913335, 0.49234140000000004, 0.49554944999999995, 0.49875749999999996, 0.50196555, 0.5051736, 0.50838165, 0.5115897, 0.51479775, 0.5180058, 0.52121385, 0.5244219, 0.52762995, 0.530838]}}, "Datapoints": 10, "RuleParameters": "min_threshold:70\nmax_threshold:200"}