{"RuleTriggered": 0, "Violations": 0, "Details": {"pin_memory": false, "num_workers": 0, "cores": 4, "dataloaders": 1, "dataloading_time": {"p25": 0.3172365, "p50": 0.35897999999999997, "p95": 0.5532772999999999, "probs": [1, 0, 0, 0, 0, 0, 0, 0, 1, 0, 0, 0, 0, 0, 0, 0, 0, 0, 1, 0, 0, 0, 0, 0, 0, 0, 0, 0, 1, 0, 0, 0, 3, 0, 0, 0, 1, 0, 0, 0, 0, 0, 0, 0, 0, 0, 0, 0, 0, 0, 0, 0, 0, 0, 0, 0, 0, 0, 0, 0, 0, 0, 0, 0, 0, 0, 0, 0, 0, 1, 0, 0, 0, 0, 0, 0, 0, 0, 0, 0, 0, 0, 0, 0, 0, 0, 0, 0, 0, 0, 0, 0, 0, 0, 0, 0, 0, 0, 0, 1], "binedges": [0.240517, 0.24415025, 0.24778350000000002, 0.25141675, 0.25505, 0.25868325000000003, 0.2623165, 0.26594975, 0.269583, 0.27321625, 0.2768495, 0.28048275, 0.28411600000000004, 0.28774925, 0.2913825, 0.29501575, 0.298649, 0.30228225000000003, 0.3059155, 0.30954875000000004, 0.313182, 0.31681525, 0.3204485, 0.32408175, 0.327715, 0.33134825, 0.33498150000000004, 0.33861475, 0.342248, 0.34588125000000003, 0.3495145, 0.35314775, 0.356781, 0.36041425000000005, 0.3640475, 0.36768075, 0.37131400000000003, 0.37494725, 0.3785805, 0.38221375, 0.38584700000000005, 0.38948025000000003, 0.3931135, 0.39674675000000004, 0.40038, 0.40401325, 0.4076465, 0.41127975000000006, 0.414913, 0.41854625, 0.42217950000000004, 0.42581275, 0.429446, 0.43307925, 0.43671250000000006, 0.44034575, 0.443979, 0.44761225000000004, 0.4512455, 0.45487875, 0.45851200000000003, 0.46214525, 0.4657785, 0.46941175, 0.47304500000000005, 0.47667825, 0.4803115, 0.48394475000000003, 0.487578, 0.49121125, 0.4948445, 0.49847775000000005, 0.502111, 0.50574425, 0.5093775, 0.5130107500000001, 0.516644, 0.52027725, 0.5239105000000001, 0.52754375, 0.531177, 0.53481025, 0.5384435000000001, 0.54207675, 0.54571, 0.5493432500000001, 0.5529765, 0.55660975, 0.560243, 0.5638762500000001, 0.5675095, 0.57114275, 0.5747760000000001, 0.57840925, 0.5820425, 0.58567575, 0.589309, 0.59294225, 0.5965755, 0.6002087500000001, 0.603842]}}, "Datapoints": 10, "RuleParameters": "min_threshold:70\nmax_threshold:200"}