{"RuleTriggered": 0, "Violations": 113, "Details": {"low_gpu_utilization": 1075, "bottlenecks": {"1677172997.000572": {"GPUs": 1, "CPUs": 1}, "1677172997.506032": {"GPUs": 1, "CPUs": 1}, "1677172998.500549": {"GPUs": 1, "CPUs": 2}, "1677172999.000533": {"GPUs": 1, "CPUs": 1}, "1677172999.500548": {"GPUs": 1, "CPUs": 1}, "1677173000.000487": {"GPUs": 1, "CPUs": 1}, "1677173000.500608": {"GPUs": 1, "CPUs": 1}, "1677173001.000545": {"GPUs": 1, "CPUs": 2}, "1677173001.500572": {"GPUs": 1, "CPUs": 2}, "1677173065.50054": {"GPUs": 1, "CPUs": 1}, "1677173066.000532": {"GPUs": 1, "CPUs": 1}, "1677173068.000619": {"GPUs": 1, "CPUs": 1}, "1677173071.500506": {"GPUs": 1, "CPUs": 1}, "1677173073.000584": {"GPUs": 1, "CPUs": 1}, "1677173080.500541": {"GPUs": 1, "CPUs": 1}, "1677173125.00052": {"GPUs": 1, "CPUs": 1}, "1677173197.500552": {"GPUs": 1, "CPUs": 1}, "1677173205.500548": {"GPUs": 1, "CPUs": 1}, "1677173234.500533": {"GPUs": 1, "CPUs": 1}, "1677173235.500525": {"GPUs": 1, "CPUs": 1}, "1677173236.000543": {"GPUs": 1, "CPUs": 1}, "1677173236.500562": {"GPUs": 1, "CPUs": 1}, "1677173268.500576": {"GPUs": 1, "CPUs": 1}, "1677173269.000521": {"GPUs": 1, "CPUs": 1}, "1677173280.000549": {"GPUs": 1, "CPUs": 1}, "1677173283.001207": {"GPUs": 1, "CPUs": 1}, "1677173283.500517": {"GPUs": 1, "CPUs": 1}, "1677173284.000562": {"GPUs": 1, "CPUs": 1}, "1677173284.500548": {"GPUs": 1, "CPUs": 1}, "1677173285.000507": {"GPUs": 1, "CPUs": 1}, "1677173285.500537": {"GPUs": 1, "CPUs": 1}, "1677173286.500577": {"GPUs": 1, "CPUs": 1}, "1677173287.000525": {"GPUs": 1, "CPUs": 1}, "1677173287.500534": {"GPUs": 1, "CPUs": 1}, "1677173288.000584": {"GPUs": 1, "CPUs": 1}, "1677173288.500556": {"GPUs": 1, "CPUs": 1}, "1677173289.500549": {"GPUs": 1, "CPUs": 1}, "1677173290.000551": {"GPUs": 1, "CPUs": 1}, "1677173290.500535": {"GPUs": 1, "CPUs": 1}, "1677173291.000557": {"GPUs": 1, "CPUs": 1}, "1677173292.000555": {"GPUs": 1, "CPUs": 1}, "1677173292.50052": {"GPUs": 1, "CPUs": 1}, "1677173293.500533": {"GPUs": 1, "CPUs": 1}, "1677173294.000509": {"GPUs": 1, "CPUs": 1}, "1677173295.000546": {"GPUs": 1, "CPUs": 1}, "1677173295.500551": {"GPUs": 1, "CPUs": 1}, "1677173296.000541": {"GPUs": 1, "CPUs": 1}, "1677173296.50052": {"GPUs": 1, "CPUs": 1}, "1677173297.000534": {"GPUs": 1, "CPUs": 1}, "1677173297.50057": {"GPUs": 1, "CPUs": 1}, "1677173298.000564": {"GPUs": 1, "CPUs": 1}, "1677173298.500536": {"GPUs": 1, "CPUs": 1}, "1677173299.00052": {"GPUs": 1, "CPUs": 2}, "1677173299.500532": {"GPUs": 1, "CPUs": 2}, "1677173300.000533": {"GPUs": 1, "CPUs": 1}, "1677173300.500527": {"GPUs": 1, "CPUs": 1}, "1677173301.000535": {"GPUs": 1, "CPUs": 1}, "1677173301.500562": {"GPUs": 1, "CPUs": 1}, "1677173302.000515": {"GPUs": 1, "CPUs": 1}, "1677173302.500562": {"GPUs": 1, "CPUs": 1}, "1677173303.000553": {"GPUs": 1, "CPUs": 1}, "1677173303.500546": {"GPUs": 1, "CPUs": 1}, "1677173304.000516": {"GPUs": 1, "CPUs": 1}, "1677173304.500545": {"GPUs": 1, "CPUs": 1}, "1677173305.000584": {"GPUs": 1, "CPUs": 1}, "1677173305.50053": {"GPUs": 1, "CPUs": 1}, "1677173306.000508": {"GPUs": 1, "CPUs": 1}, "1677173306.500542": {"GPUs": 1, "CPUs": 1}, "1677173307.000579": {"GPUs": 1, "CPUs": 1}, "1677173307.500542": {"GPUs": 1, "CPUs": 1}, "1677173308.000558": {"GPUs": 1, "CPUs": 1}, "1677173309.000574": {"GPUs": 1, "CPUs": 1}, "1677173310.00055": {"GPUs": 1, "CPUs": 1}, "1677173310.500526": {"GPUs": 1, "CPUs": 1}, "1677173311.000543": {"GPUs": 1, "CPUs": 1}, "1677173311.500531": {"GPUs": 1, "CPUs": 1}, "1677173312.000556": {"GPUs": 1, "CPUs": 1}, "1677173312.500551": {"GPUs": 1, "CPUs": 1}, "1677173313.000537": {"GPUs": 1, "CPUs": 1}, "1677173313.500567": {"GPUs": 1, "CPUs": 1}, "1677173315.500518": {"GPUs": 1, "CPUs": 1}, "1677173316.000539": {"GPUs": 1, "CPUs": 1}, "1677173316.500546": {"GPUs": 1, "CPUs": 1}, "1677173317.000556": {"GPUs": 1, "CPUs": 1}, "1677173317.500519": {"GPUs": 1, "CPUs": 1}, "1677173318.000566": {"GPUs": 1, "CPUs": 1}, "1677173318.500521": {"GPUs": 1, "CPUs": 1}, "1677173319.000576": {"GPUs": 1, "CPUs": 1}, "1677173319.500568": {"GPUs": 1, "CPUs": 1}, "1677173320.000518": {"GPUs": 1, "CPUs": 1}, "1677173320.500576": {"GPUs": 1, "CPUs": 1}, "1677173321.000559": {"GPUs": 1, "CPUs": 1}, "1677173321.500522": {"GPUs": 1, "CPUs": 1}, "1677173322.000568": {"GPUs": 1, "CPUs": 1}, "1677173322.500554": {"GPUs": 1, "CPUs": 1}, "1677173323.000513": {"GPUs": 1, "CPUs": 1}, "1677173323.500599": {"GPUs": 1, "CPUs": 1}, "1677173324.00054": {"GPUs": 1, "CPUs": 1}, "1677173324.500543": {"GPUs": 1, "CPUs": 1}, "1677173325.000541": {"GPUs": 1, "CPUs": 1}, "1677173325.485973": {"GPUs": 1, "CPUs": 1}, "1677173350.00055": {"GPUs": 1, "CPUs": 1}, "1677173352.500592": {"GPUs": 1, "CPUs": 2}, "1677173443.000516": {"GPUs": 1, "CPUs": 1}, "1677173450.000546": {"GPUs": 1, "CPUs": 1}, "1677173450.500566": {"GPUs": 1, "CPUs": 1}, "1677173451.500547": {"GPUs": 1, "CPUs": 1}, "1677173622.000567": {"GPUs": 1, "CPUs": 1}, "1677173624.50052": {"GPUs": 1, "CPUs": 1}, "1677173625.000589": {"GPUs": 1, "CPUs": 1}, "1677173628.500629": {"GPUs": 1, "CPUs": 1}, "1677173629.500569": {"GPUs": 1, "CPUs": 1}, "1677173632.000538": {"GPUs": 1, "CPUs": 1}}}, "Datapoints": 2134, "RuleParameters": "threshold:50\nio_threshold:50\ngpu_threshold:10\npatience:1000"}