{"RuleTriggered": 0, "Violations": 81, "Details": {"low_gpu_utilization": 1039, "bottlenecks": {"1677224570.001491": {"GPUs": 1, "CPUs": 1}, "1677224577.501486": {"GPUs": 1, "CPUs": 1}, "1677224580.001518": {"GPUs": 1, "CPUs": 1}, "1677224589.001511": {"GPUs": 1, "CPUs": 1}, "1677224589.501525": {"GPUs": 1, "CPUs": 1}, "1677224639.501712": {"GPUs": 1, "CPUs": 1}, "1677224715.001508": {"GPUs": 1, "CPUs": 1}, "1677224723.501533": {"GPUs": 1, "CPUs": 1}, "1677224724.00148": {"GPUs": 1, "CPUs": 2}, "1677224744.001514": {"GPUs": 1, "CPUs": 1}, "1677224806.001528": {"GPUs": 1, "CPUs": 1}, "1677224806.501521": {"GPUs": 1, "CPUs": 1}, "1677224807.001523": {"GPUs": 1, "CPUs": 1}, "1677224807.501482": {"GPUs": 1, "CPUs": 1}, "1677224808.001487": {"GPUs": 1, "CPUs": 1}, "1677224808.50157": {"GPUs": 1, "CPUs": 1}, "1677224810.001523": {"GPUs": 1, "CPUs": 1}, "1677224810.501502": {"GPUs": 1, "CPUs": 1}, "1677224811.001538": {"GPUs": 1, "CPUs": 1}, "1677224811.501522": {"GPUs": 1, "CPUs": 1}, "1677224812.001487": {"GPUs": 1, "CPUs": 1}, "1677224812.50158": {"GPUs": 1, "CPUs": 1}, "1677224813.001547": {"GPUs": 1, "CPUs": 1}, "1677224813.501493": {"GPUs": 1, "CPUs": 1}, "1677224814.001512": {"GPUs": 1, "CPUs": 1}, "1677224814.501547": {"GPUs": 1, "CPUs": 1}, "1677224815.001494": {"GPUs": 1, "CPUs": 1}, "1677224815.501511": {"GPUs": 1, "CPUs": 1}, "1677224816.001505": {"GPUs": 1, "CPUs": 1}, "1677224816.501546": {"GPUs": 1, "CPUs": 1}, "1677224817.00152": {"GPUs": 1, "CPUs": 1}, "1677224817.501523": {"GPUs": 1, "CPUs": 1}, "1677224818.00148": {"GPUs": 1, "CPUs": 1}, "1677224818.501581": {"GPUs": 1, "CPUs": 1}, "1677224819.001494": {"GPUs": 1, "CPUs": 1}, "1677224819.501508": {"GPUs": 1, "CPUs": 1}, "1677224820.501582": {"GPUs": 1, "CPUs": 1}, "1677224821.001477": {"GPUs": 1, "CPUs": 1}, "1677224821.501536": {"GPUs": 1, "CPUs": 1}, "1677224823.501566": {"GPUs": 1, "CPUs": 1}, "1677224824.001466": {"GPUs": 1, "CPUs": 1}, "1677224824.501554": {"GPUs": 1, "CPUs": 2}, "1677224825.001495": {"GPUs": 1, "CPUs": 1}, "1677224825.501566": {"GPUs": 1, "CPUs": 1}, "1677224826.001507": {"GPUs": 1, "CPUs": 1}, "1677224826.501494": {"GPUs": 1, "CPUs": 1}, "1677224827.001508": {"GPUs": 1, "CPUs": 1}, "1677224828.001542": {"GPUs": 1, "CPUs": 1}, "1677224828.50152": {"GPUs": 1, "CPUs": 1}, "1677224829.001504": {"GPUs": 1, "CPUs": 1}, "1677224829.501489": {"GPUs": 1, "CPUs": 1}, "1677224830.501502": {"GPUs": 1, "CPUs": 1}, "1677224831.001507": {"GPUs": 1, "CPUs": 1}, "1677224831.501491": {"GPUs": 1, "CPUs": 1}, "1677224832.001533": {"GPUs": 1, "CPUs": 1}, "1677224832.501506": {"GPUs": 1, "CPUs": 1}, "1677224833.001606": {"GPUs": 1, "CPUs": 1}, "1677224834.001529": {"GPUs": 1, "CPUs": 1}, "1677224834.501493": {"GPUs": 1, "CPUs": 1}, "1677224835.001514": {"GPUs": 1, "CPUs": 1}, "1677224835.501579": {"GPUs": 1, "CPUs": 1}, "1677224836.001472": {"GPUs": 1, "CPUs": 1}, "1677224836.501512": {"GPUs": 1, "CPUs": 1}, "1677224837.001525": {"GPUs": 1, "CPUs": 1}, "1677224837.501603": {"GPUs": 1, "CPUs": 1}, "1677224838.001498": {"GPUs": 1, "CPUs": 1}, "1677224838.501556": {"GPUs": 1, "CPUs": 1}, "1677224839.001521": {"GPUs": 1, "CPUs": 1}, "1677224840.001481": {"GPUs": 1, "CPUs": 1}, "1677224840.501568": {"GPUs": 1, "CPUs": 1}, "1677224841.001761": {"GPUs": 1, "CPUs": 1}, "1677225146.501521": {"GPUs": 1, "CPUs": 1}, "1677225148.501507": {"GPUs": 1, "CPUs": 1}, "1677225149.001557": {"GPUs": 1, "CPUs": 1}, "1677225150.001548": {"GPUs": 1, "CPUs": 1}, "1677225152.001508": {"GPUs": 1, "CPUs": 1}, "1677225152.501578": {"GPUs": 1, "CPUs": 1}, "1677225153.501585": {"GPUs": 1, "CPUs": 1}, "1677225154.001518": {"GPUs": 1, "CPUs": 1}, "1677225157.001497": {"GPUs": 1, "CPUs": 1}, "1677225157.501587": {"GPUs": 1, "CPUs": 1}}}, "Datapoints": 1830, "RuleParameters": "threshold:50\nio_threshold:50\ngpu_threshold:10\npatience:1000"}