{"RuleTriggered": 0, "Violations": 0, "Details": {"step_num": {"first": 1677173332869090, "last": 1677174059867509}, "job_start": 1677172996.000408, "job_end": 1677174059.500983}, "Datapoints": 1596, "RuleParameters": "threshold:20"}