{"RuleTriggered": 0, "Violations": 0, "Details": {"ratio": {}, "phase": {"Step:ModeKeys.TRAIN": 14.671768919437808, "others": 82.5094662173654, "Step:ModeKeys.EVAL": 2.8187648631967894}, "phase_time": {}, "general": {"DataLoaderIterInitialize": 0.0026623778902768406, "DataLoaderIter": 6.11370993797103, "Forward": 93.88362768413869}}, "Datapoints": 0, "RuleParameters": ""}