{"RuleTriggered": 0, "Violations": 0, "Details": {"step_details": {"algo-1-27": {"step_stats": {"mean": 0.048415364197530855, "max": 3.807863, "p99": 0.034976189999999976, "p95": 0.03195604999999999, "p50": 0.024051, "min": 0.021257}, "number_of_outliers": 1, "phase": "Step:ModeKeys.EVAL", "stddev": 0.3, "probs": [1, 0, 0, 6, 5, 12, 10, 9, 6, 9, 6, 1, 2, 2, 3, 2, 2, 4, 2, 4, 0, 2, 3, 1, 1, 0, 3, 4, 1, 1, 3, 2, 1, 3, 2, 2, 2, 1, 4, 1, 1, 1, 1, 0, 2, 4, 5, 4, 1, 0, 1, 0, 1, 1, 0, 0, 0, 0, 0, 1, 1, 0, 1, 2, 0, 0, 0, 2, 1, 0, 0, 1, 1, 1, 0, 2, 0, 0, 0, 0, 0, 0, 0, 0, 1, 0, 1, 0, 0, 0, 0, 0, 0, 0, 0, 0, 0, 0, 0, 1], "binedges": [0.021257, 0.021406520000000002, 0.021556040000000002, 0.021705560000000002, 0.021855080000000002, 0.022004600000000003, 0.022154120000000003, 0.02230364, 0.02245316, 0.02260268, 0.0227522, 0.02290172, 0.02305124, 0.02320076, 0.02335028, 0.0234998, 0.02364932, 0.02379884, 0.023948360000000002, 0.024097880000000002, 0.024247400000000002, 0.024396920000000002, 0.024546440000000003, 0.02469596, 0.02484548, 0.024995, 0.02514452, 0.02529404, 0.02544356, 0.02559308, 0.0257426, 0.02589212, 0.02604164, 0.02619116, 0.026340679999999998, 0.0264902, 0.02663972, 0.02678924, 0.02693876, 0.02708828, 0.0272378, 0.02738732, 0.02753684, 0.02768636, 0.02783588, 0.0279854, 0.02813492, 0.02828444, 0.02843396, 0.02858348, 0.028733, 0.028882520000000002, 0.02903204, 0.029181560000000002, 0.02933108, 0.0294806, 0.02963012, 0.02977964, 0.02992916, 0.03007868, 0.0302282, 0.030377719999999997, 0.030527239999999997, 0.030676759999999997, 0.030826279999999998, 0.030975799999999998, 0.031125319999999998, 0.03127484, 0.03142436, 0.03157388, 0.0317234, 0.03187292, 0.03202244, 0.03217196, 0.03232148, 0.032471, 0.03262052, 0.03277004, 0.03291956, 0.03306908, 0.0332186, 0.03336812, 0.03351764, 0.03366716, 0.03381668, 0.0339662, 0.03411572, 0.03426524, 0.03441476, 0.034564279999999996, 0.034713799999999996, 0.034863319999999996, 0.035012839999999996, 0.03516236, 0.03531188, 0.0354614, 0.03561092, 0.03576044, 0.03590996, 0.03605948, 0.036209], "step_numbers": ["0"]}}}, "Datapoints": 1596, "RuleParameters": "threshold:3\nmode:None\nn_outliers:10\nstddev:3"}