{"RuleTriggered": 0, "Violations": 0, "Details": {"step_details": {"algo-1-28": {"step_stats": {"mean": 0.054775432098765425, "max": 4.590537, "p99": 0.040462059999999925, "p95": 0.03224725, "p50": 0.026078, "min": 0.022602}, "number_of_outliers": 1, "phase": "Step:ModeKeys.EVAL", "stddev": 0.36, "probs": [7, 10, 15, 18, 6, 4, 1, 3, 2, 5, 2, 4, 0, 1, 0, 0, 5, 3, 2, 5, 6, 2, 1, 4, 3, 1, 3, 0, 2, 3, 2, 2, 0, 2, 2, 4, 4, 5, 6, 2, 1, 1, 1, 2, 0, 2, 0, 0, 1, 0, 0, 1, 1, 0, 0, 0, 0, 0, 0, 1, 0, 0, 0, 0, 0, 0, 0, 1, 0, 0, 0, 0, 0, 1, 0, 0, 0, 0, 0, 0, 0, 0, 0, 0, 0, 0, 0, 0, 0, 0, 0, 0, 0, 0, 0, 0, 0, 0, 0, 1], "binedges": [0.022602, 0.02281509, 0.023028180000000002, 0.02324127, 0.02345436, 0.02366745, 0.02388054, 0.02409363, 0.02430672, 0.02451981, 0.024732900000000002, 0.02494599, 0.02515908, 0.02537217, 0.02558526, 0.02579835, 0.02601144, 0.02622453, 0.026437620000000002, 0.02665071, 0.0268638, 0.02707689, 0.02728998, 0.02750307, 0.02771616, 0.02792925, 0.028142340000000002, 0.02835543, 0.02856852, 0.02878161, 0.028994699999999998, 0.02920779, 0.02942088, 0.02963397, 0.02984706, 0.03006015, 0.03027324, 0.03048633, 0.030699419999999998, 0.03091251, 0.0311256, 0.03133869, 0.03155178, 0.03176487, 0.03197796, 0.03219105, 0.03240414, 0.03261723, 0.032830319999999996, 0.033043409999999995, 0.0332565, 0.03346959, 0.03368268, 0.03389577, 0.03410886, 0.034321950000000004, 0.03453504, 0.03474813, 0.03496122, 0.03517431, 0.0353874, 0.03560049, 0.03581358, 0.03602667, 0.036239759999999996, 0.036452849999999995, 0.03666594, 0.03687903, 0.03709212, 0.03730521, 0.0375183, 0.037731390000000004, 0.03794448, 0.03815757, 0.03837066, 0.03858375, 0.03879684, 0.03900993, 0.03922302, 0.039436109999999996, 0.039649199999999996, 0.039862289999999995, 0.040075379999999994, 0.04028847, 0.04050156, 0.04071465, 0.040927740000000004, 0.04114083, 0.04135392, 0.04156701, 0.0417801, 0.04199319, 0.04220628, 0.04241937, 0.04263246, 0.042845549999999996, 0.043058639999999995, 0.043271729999999994, 0.043484819999999993, 0.04369791, 0.043911], "step_numbers": ["0"]}}}, "Datapoints": 1208, "RuleParameters": "threshold:3\nmode:None\nn_outliers:10\nstddev:3"}